Item,Label,Condition,WCO?,Quantifier/Definite,Determiner,Animate/Inanimate,Comp,Pronoun,Subject,V1,V2,Sentence example,Context,First Sentence,Second Sentence,,,,,Old context
1,pilot,YQA,yes,Quantifier,Every,animate,who,her,flight attendant,flew around the country,avoided,Every flight attendant who her pilot flew around the country avoided turbulence.,"Flight attendants work with certain pilots. Some flight attendants were flown around the country by their pilot, and others were not.",Flight attendants work with certain pilots.,"Some flight attendants were flown around the country by their pilot, and others were not.",,,,,"Flight attendants are paired with certain pilots. Some flight attendants were flown around the country by their pilots, and others were not."
1,pilot,YQI,yes,Quantifier,Every,inanimate,which,its,plane,flew around the country,avoided,Every plane which its pilot flew around the country avoided turbulence.,"Planes are operated by certain pilots. Some planes were flown around the country by their pilot, and others were not.",Planes are operated by certain pilots.,"Some planes were flown around the country by their pilot, and others were not.",,,,,"Planes are paired with certain pilots. Some planes were flown around the country by their pilots, and others were not."
1,pilot,YDA,yes,Definite,The,animate,who,her,flight attendant,flew around the country,avoided,The flight attendant who her pilot flew around the country avoided turbulence.,"Flight attendants are work with certain pilots. A flight attendant was flown around the country by her pilot, and another was not.",Flight attendants are work with certain pilots.,"A flight attendant was flown around the country by her pilot, and another was not.",,,,,Flight attendants are paired with certain pilots.  A flight attendant was flown around the country by her pilot and another was not.
1,pilot,YDI,yes,Definite,The,inanimate,which,its,plane,flew around the country,avoided,The plane which its pilot flew around the country avoided turbulence.,"Planes are operated by certain pilots. A plane was flown around the country by its pilot, and another was not.",Planes are operated by certain pilots.,"A plane was flown around the country by its pilot, and another was not.",,,,,"Planes are paired with certain pilots. A plane was flown around the country by its pilot, and another was not."
1,pilot,NQA,no,Quantifier,Every,animate,who,her,flight attendant,flew around the country,avoided,Every flight attendant who the pilot flew around the country avoided turbulence.,"There is a certain pilot. Some flight attendants were flown around the country by that pilot, and others were not.",There is a certain pilot.,"Some flight attendants were flown around the country by that pilot, and others were not.",,,,,"There is a certain pilot. Some flight attendants were flown around the country by that pilot, and others were not."
1,pilot,NQI,no,Quantifier,Every,inanimate,which,its,plane,flew around the country,avoided,Every plane which the pilot flew around the country avoided turbulence.,"There is a certain pilot. Some planes were flown around the country by that pilot, and others were not.",There is a certain pilot.,"Some planes were flown around the country by that pilot, and others were not.",,,,,"There is a certain pilot. Some planes were flown around the country by that pilots, and others were not."
1,pilot,NDA,no,Definite,The,animate,who,her,flight attendant,flew around the country,avoided,The flight attendant who the pilot flew around the country avoided turbulence.,"There is a certain pilot. A flight attendant was flown around the country by that pilot, and another was not.",There is a certain pilot.,"A flight attendant was flown around the country by that pilot, and another was not.",,,,,There is a certain pilot. A flight attendant was flown around the country by that pilot and another was not.
1,pilot,NDI,no,Definite,The,inanimate,which,its,plane,flew around the country,avoided,The plane which the pilot flew around the country avoided turbulence.,"There is a certain pilot. A plane was flown around the country by that pilot, and another was not.",There is a certain pilot.,"A plane was flown around the country by that pilot, and another was not.",,,,,"There is a certain pilot. A plane was flown around the country by that pilot, and another was not."
2,pianist,YQA,yes,Quantifier,Every,animate,who,her,singer,heard during rehearsal,sounded,Every singer who her pianist heard during rehearsal sounded beautiful.,"Singers perform with certain pianists. Some singers were heard during rehearsal by their pianist, and others were not.",Singers perform with certain pianists.,"Some singers were heard during rehearsal by their pianist, and others were not.",,,,,"Singers are paired with certain pianists. Some singers were heard by their pianist during rehearsal, and others were not. "
2,pianist,YQI,yes,Quantifier,Every,inanimate,which,its,guitar,heard during rehearsal,sounded,Every piano which its pianist heard during rehearsal sounded beautiful.,"Guitars are paired with certain pianists. Some guitars were heard during rehearsal by their pianist, and others were not.",Guitars are paired with certain pianists.,"Some guitars were heard during rehearsal by their pianist, and others were not.",,,,,"Pianos are paired with certain pianists. Some pianos were heard by their pianist during rehearsal, and others were not. "
2,pianist,YDA,yes,Definite,The,animate,who,her,singer,heard during rehearsal,sounded,The singer who her pianist heard during rehearsal sounded beautiful.,"Singers perform with certain pianists. A singer was heard during rehearsal by her pianist, and another was not.",Singers perform with certain pianists.,"A singer was heard during rehearsal by her pianist, and another was not.",,,,,"Singers are paired with certain pianists. A singer was heard by their pianist during rehearsal, and another was not. "
2,pianist,YDI,yes,Definite,The,inanimate,which,its,guitar,heard during rehearsal,sounded,The piano which its pianist heard during rehearsal sounded beautiful.,"Guitars are paired with certain pianists. A guitar was heard during rehearsal by its pianist, and another was not.",Guitars are paired with certain pianists.,"A guitar was heard during rehearsal by its pianist, and another was not.",,,,,"Pianos are paired with certain pianists. A piano was heard by their pianist during rehearsal, and another was not. "
2,pianist,NQA,no,Quantifier,Every,animate,who,her,singer,heard during rehearsal,sounded,Every singer who the pianist heard during rehearsal sounded beautiful.,"There is a certain pianist. Some singers were heard during rehearsal by that pianist, and others were not.",There is a certain pianist.,"Some singers were heard during rehearsal by that pianist, and others were not.",,,,,"There is a certain pianist. Some singers were heard by that pianist during rehearsal, and others were not. "
2,pianist,NQI,no,Quantifier,Every,inanimate,which,its,guitar,heard during rehearsal,sounded,Every piano which the pianist heard during rehearsal sounded beautiful.,"There is a certain pianist. Some guitars were heard during rehearsal by that pianist, and others were not.",There is a certain pianist.,"Some guitars were heard during rehearsal by that pianist, and others were not.",,,,,"There is a certain pianist. Some pianos were heard by that pianist during rehearsal, and others were not. "
2,pianist,NDA,no,Definite,The,animate,who,her,singer,heard during rehearsal,sounded,The singer who the pianist heard during rehearsal sounded beautiful.,"There is a certain pianist. A singer was heard during rehearsal by that pianist, and another was not.",There is a certain pianist.,"A singer was heard during rehearsal by that pianist, and another was not.",,,,,"There is a certain pianist. A singer was heard by that pianist during rehearsal, and another was not. "
2,pianist,NDI,no,Definite,The,inanimate,which,its,guitar,heard during rehearsal,sounded,The piano which the pianist heard during rehearsal sounded beautiful.,"There is a certain pianist. A guitar was heard during rehearsal by that pianist, and another was not.",There is a certain pianist.,"A guitar was heard during rehearsal by that pianist, and another was not.",,,,,"There is a certain pianist. A piano was heard by that pianist during rehearsal, and another was not. "
3,queen,YQA,yes,Quantifier,Every,animate,who,her,princess,admired,was featured,Every princess who her queen admired was featured in the royal portrait.,"Princesses are the daughters of certain queens. Some princesses were admired by their queen, and others were not.",Princesses are the daughters of certain queens.,"Some princesses were admired by their queen, and others were not.",,,,,"Princesses are paired with certain queens. Some princesses are admired by their queens, and others are not."
3,queen,YQI,yes,Quantifier,Every,inanimate,which,its,tiara,admired,was featured,Every tiara which its queen admired was featured in the royal portrait.,"Tiaras are worn by certain queens. Some tiaras were admired by their queen, and others were not.",Tiaras are worn by certain queens.,"Some tiaras were admired by their queen, and others were not.",,,,,"Princesses are paired with certain queens. Some tiaras are admired by their queens, and others are not."
3,queen,YDA,yes,Definite,The,animate,who,her,princess,admired,was featured,The princess who her queen admired was featured in the royal portrait.,"Princesses are are the daughters of certain queens. A princess was admired by her queen, and another was not.",Princesses are are the daughters of certain queens.,"A princess was admired by her queen, and another was not.",,,,,Princesses are paired with certain queens. A princess was admired by her queen and another was not.
3,queen,YDI,yes,Definite,The,inanimate,which,its,tiara,admired,was featured,The tiara which its queen admired was featured in the royal portrait.,"Tiaras are worn by certain queens. A tiara was admired by its queen, and another was not.",Tiaras are worn by certain queens.,"A tiara was admired by its queen, and another was not.",,,,,"Princesses are paired with certain queens. A tiara was admired by its queen, and another was not."
3,queen,NQA,no,Quantifier,Every,animate,who,her,princess,admired,was featured,Every princess who the queen admired was featured in the royal portrait.,"There is a certain queen. Some princesses were admired by that queen, and others were not.",There is a certain queen.,"Some princesses were admired by that queen, and others were not.",,,,,"There is a certain queen. Some princesses are admired by that queen, and others are not."
3,queen,NQI,no,Quantifier,Every,inanimate,which,its,tiara,admired,was featured,Every tiara which the queen admired was featured in the royal portrait.,"There is a certain queen. Some tiaras were admired by that queen, and others were not.",There is a certain queen.,"Some tiaras were admired by that queen, and others were not.",,,,,"There is a certain queen. Some tiaras are admired by that queens, and others are not."
3,queen,NDA,no,Definite,The,animate,who,her,princess,admired,was featured,The princess who the queen admired was featured in the royal portrait.,"There is a certain queen. A princess was admired by that queen, and another was not.",There is a certain queen.,"A princess was admired by that queen, and another was not.",,,,,There is a certain queen. A princess was admired by that queen and another was not.
3,queen,NDI,no,Definite,The,inanimate,which,its,tiara,admired,was featured,The tiara which the queen admired was in the royal portrait.,"There is a certain queen. A tiara was admired by that queen, and another was not.",There is a certain queen.,"A tiara was admired by that queen, and another was not.",,,,,"There is a certain queen. A tiara was admired by that queen, and another was not."
4,conductor,YQA,yes,Quantifier,Every,animate,who,her,floutist,saw on the stage,needed to be,Every floutist who her conductor saw on the stage needed to be in the orchestra pit.,"Floutists are overseen by certain conductors. Some floutists were seen on the stage by their conductor, and others were not.",Floutists are overseen by certain conductors.,"Some floutists were seen on the stage by their conductor, and others were not.",,,,,"Floutists are paired with certain conductors. Some floutists were seen by their conductor on stage, and others were not. "
4,conductor,YQI,yes,Quantifier,Every,inanimate,which,its,trumpet,saw on the stage,needed to be,Every trumpet which its conductor saw on the stage needed to be in the orchestra pit.,"Trumpets are in the orchestra of certain conductors. Some trumpets were seen on the stage by their conductor, and others were not.",Trumpets are in the orchestra of certain conductors.,"Some trumpets were seen on the stage by their conductor, and others were not.",,,,,"Trumpets are paired with certain conductors. Some trumpets were seen by their conductor on stage, and others were not. "
4,conductor,YDA,yes,Definite,The,animate,who,her,floutist,saw on the stage,needed to be,The floutist who her conductor saw on the stage needed to be in the orchestra pit.,"Floutists are overseen by certain conductors. A floutist was seen on the stage by her conductor, and another was not.",Floutists are overseen by certain conductors.,"A floutist was seen on the stage by her conductor, and another was not.",,,,,"Floutists are paired with certain conductors. A floutist was seen by their conductor on stage, and others were not. "
4,conductor,YDI,yes,Definite,The,inanimate,which,its,trumpet,saw on the stage,needed to be,The trumpet which its conductor saw on the stage needed to be in the orchestra pit.,"Trumpets are in the orchestra of certain conductors. A trumpet was seen on the stage by its conductor, and another was not.",Trumpets are in the orchestra of certain conductors.,"A trumpet was seen on the stage by its conductor, and another was not.",,,,,"Trumpets are paired with certain conductors. A trumpet was seen by their conductor on stage, and others were not. "
4,conductor,NQA,no,Quantifier,Every,animate,who,her,floutist,saw on the stage,needed to be,Every floutist who the conductor saw on the stage needed to be in the orchestra pit.,"There is a certain conductor. Some floutists were seen on the stage by that conductor, and others were not.",There is a certain conductor.,"Some floutists were seen on the stage by that conductor, and others were not.",,,,,"There is a certain conductor. Some floutists were seen by that conductor on stage, and others were not. "
4,conductor,NQI,no,Quantifier,Every,inanimate,which,its,trumpet,saw on the stage,needed to be,Every trumpet which the conductor saw on the stage needed to be in the orchestra pit.,"There is a certain conductor. Some trumpets were seen on the stage by that conductor, and others were not.",There is a certain conductor.,"Some trumpets were seen on the stage by that conductor, and others were not.",,,,,"There is a certain conductor. Some trumpets were seen by that conductor on stage, and others were not. "
4,conductor,NDA,no,Definite,The,animate,who,her,floutist,saw on the stage,needed to be,The floutist who the conductor saw on the stage needed to be in the orchestra pit.,"There is a certain conductor. A floutist was seen on the stage by that conductor, and another was not.",There is a certain conductor.,"A floutist was seen on the stage by that conductor, and another was not.",,,,,"There is a certain conductor. A floutist was seen by that conductor on stage, and another was not. "
4,conductor,NDI,no,Definite,The,inanimate,which,its,trumpet,saw on the stage,needed to be,The trumpet which the conductor saw on the stage needed to be in the orchestra pit.,"There is a certain conductor. A trumpet was seen on the stage by that conductor, and another was not.",There is a certain conductor.,"A trumpet was seen on the stage by that conductor, and another was not.",,,,,"There is a certain conductor. A trumpet was seen by that conductor on stage, and another was not. "
5,artist,YQA,yes,Quantifier,Every,animate,who,her,model,painted on canvas,looked,Every model who her artist painted on canvas looked stunning.,"Models are paired with certain artists. Some models were painted on canvas by their artist, and others were not.",Models are paired with certain artists.,"Some models were painted on canvas by their artist, and others were not.",,,,,"Models are used by painters. Some models were painted on canvas by their artists, and other models were not."
5,artist,YQI,yes,Quantifier,Every,inanimate,which,its,pottery wheel,painted on canvas,looked,Every portrait which its artist painted on canvas looked stunning.,"Portraits are painted by certain artists. Some portraits were painted on canvas by their artist, and others were not.",Portraits are painted by certain artists.,"Some portraits were painted on canvas by their artist, and others were not.",,,,,"Portraits are painted by painters. Some portraits were painted on canvas by their artists, and other portraits were not."
5,artist,YDA,yes,Definite,The,animate,who,her,model,painted on canvas,looked,The model who her artist painted on canvas looked stunning.,"Models are paired with certain artists. A model was painted on canvas by her artist, and another was not.",Models are paired with certain artists.,"A model was painted on canvas by her artist, and another was not.",,,,,Models are used by painters. A model was painted on canvas by her artist and another model was not.
5,artist,YDI,yes,Definite,The,inanimate,which,its,pottery wheel,painted on canvas,looked,The portrait which its artist painted on canvas looked stunning.,"Portraits are painted by certain artists. A portrait was painted on canvas by her artist, and another was not.",Portraits are painted by certain artists.,"A portrait was painted on canvas by her artist, and another was not.",,,,,"Portraits are painted by painters. A portrait was painted on canvas by its artist, and another portrait was not."
5,artist,NQA,no,Quantifier,Every,animate,who,her,model,painted on canvas,looked,Every model who the artist painted on canvas looked stunning.,"There is a certain artist. Some models were painted on canvas by that artist, and others were not.",There is a certain artist.,"Some models were painted on canvas by that artist, and others were not.",,,,,"There is a certain artist. Some models were painted on canvas by that artist, and other models were not."
5,artist,NQI,no,Quantifier,Every,inanimate,which,its,pottery wheel,painted on canvas,looked,Every portrait which the artist painted on canvas looked stunning.,"There is a certain artist. Some portraits were painted on canvas by that artist, and others were not.",There is a certain artist.,"Some portraits were painted on canvas by that artist, and others were not.",,,,,There is a certain artist. Some portraits were painted on canvas by that artists and other portraits were not.
5,artist,NDA,no,Definite,The,animate,who,her,model,painted on canvas,looked,The model who the artist painted on canvas looked stunning.,"There is a certain artist. A model was painted on canvas by that artist, and another was not.",There is a certain artist.,"A model was painted on canvas by that artist, and another was not.",,,,,There is a certain artist. A model was painted on canvas by that artist and another model was not.
5,artist,NDI,no,Definite,The,inanimate,which,its,pottery wheel,painted on canvas,looked,The portrait which the artist painted on canvas looked stunning.,"There is a certain artist. A portrait was painted on canvas by that artist, and another was not.",There is a certain artist.,"A portrait was painted on canvas by that artist, and another was not.",,,,,"There is a certain artist. A portrait was painted on canvas by that artist, and another portrait was not."
6,supervisor,YQA,yes,Quantifier,Every,animate,who,her,police woman,observed,was up to,Every policewoman who her supervisor observed at the precinct was up to the the task.,"Police women are paired with certain supervisors. Some police women were observed by their supervisor, and others were not.",Police women are paired with certain supervisors.,"Some police women were observed by their supervisor, and others were not.",,,,,"Police women are assigned certain supervisors. Some police women were observed by their respective supervisor at the precint, and others were not. "
6,supervisor,YQI,yes,Quantifier,Every,inanimate,which,its,computer,observed,was up to,Every computer which its supervisor observed at the precinct was up to the the task.,"Computers are used by certain supervisors. Some computers were observed by their supervisor, and others were not.",Computers are used by certain supervisors.,"Some computers were observed by their supervisor, and others were not.",,,,,"Computers are assigned certain supervisors. Some computers were observed by its respective supervisor at the precint, and others were not. "
6,supervisor,YDA,yes,Definite,The,animate,who,her,police woman,observed,was up to,The policewoman who her supervisor observed at the precinct was up to the the task.,"Police women are paired with certain supervisors. A police woman was observed by her supervisor, and another was not.",Police women are paired with certain supervisors.,"A police woman was observed by her supervisor, and another was not.",,,,,"Police women are assigned certain supervisors. A police woman was observed by their supervisor at the precint, and others were not."
6,supervisor,YDI,yes,Definite,The,inanimate,which,its,computer,observed,was up to,The computer which its supervisor observed at the precinct was up to the the task.,"Computers are used by certain supervisors. A computer was observed by its supervisor, and another was not.",Computers are used by certain supervisors.,"A computer was observed by its supervisor, and another was not.",,,,,"Computers are assigned certain supervisors. A computer was observed at the precint by its supervisor, and others were not. "
6,supervisor,NQA,no,Quantifier,Every,animate,who,her,police woman,observed,was up to,Every policewoman who the supervisor observed at the precinct was up to the the task.,"There is a certain supervisor. Some police women were observed by that supervisor, and others were not.",There is a certain supervisor.,"Some police women were observed by that supervisor, and others were not.",,,,,"There is a certain supervisor. Some police women were observed by this supervisor at the precint, and others were not. "
6,supervisor,NQI,no,Quantifier,Every,inanimate,which,its,computer,observed,was up to,Every computer which the supervisor observed at the precinct was up to the the task.,"There is a certain supervisor. Some computers were observed by that supervisor, and others were not.",There is a certain supervisor.,"Some computers were observed by that supervisor, and others were not.",,,,,"There is a certain supervisor. Some computers were observed by this supervisor at the precint, and others were not. "
6,supervisor,NDA,no,Definite,The,animate,who,her,police woman,observed,was up to,The policewoman who the supervisor observed at the precinct was up to the the task.,"There is a certain supervisor. A police woman was observed by that supervisor, and another was not.",There is a certain supervisor.,"A police woman was observed by that supervisor, and another was not.",,,,,"There is a certain supervisor. A police woman was observed by this supervisor at the precint, and others were not. "
6,supervisor,NDI,no,Definite,The,inanimate,which,its,computer,observed,was up to,The computer which the supervisor observed at the precinct was up to the the task.,"There is a certain supervisor. A computer was observed by that supervisor, and another was not.",There is a certain supervisor.,"A computer was observed by that supervisor, and another was not.",,,,,"There is a certain supervisor. A computer was observed by this supervisor at the precint, and others were not. "
7,doctor,YQA,yes,Quantifier,Every,animate,who,her,nurse,consulted at the clinic,offered,Every nurse who her doctor consulted at the clinic offered valuable insight.,"Nurses are work for certain doctors. Some nurses were consulted at the clinic by their doctor, and others were not.",Nurses are work for certain doctors.,"Some nurses were consulted at the clinic by their doctor, and others were not.",,,,,"Nurses work for certain doctors. Some nurses were consulted with their doctor, and others were not."
7,doctor,YQI,yes,Quantifier,Every,inanimate,which,its,lab test,consulted at the clinic,offered,Every lab which its doctor consulted at the clinic offered valuable insight.,"Labs tests are inspected by certain doctors. Some lab tests were consulted at the clinic by their doctor, and others were not.",Labs tests are inspected by certain doctors.,"Some lab tests were consulted at the clinic by their doctor, and others were not.",,,,,"Labs are supervised by certain doctors. Some labs were consulted with their doctor, and others were not."
7,doctor,YDA,yes,Definite,The,animate,who,her,nurse,consulted at the clinic,offered,The nurse who her doctor consulted at the clinic offered valuable insight.,"Nurses are work for certain doctors. A nurse was consulted at the clinic by her doctor, and another was not.",Nurses are work for certain doctors.,"A nurse was consulted at the clinic by her doctor, and another was not.",,,,,"Nurses work for certain doctors. A nurse was consulted with their doctor, and others were not."
7,doctor,YDI,yes,Definite,The,inanimate,which,its,lab test,consulted at the clinic,offered,The lab which its doctor consulted at the clinic offered valuable insight.,"Labs tests are inspected by certain doctors. A lab test was consulted at the clinic by its doctor, and another was not.",Labs tests are inspected by certain doctors.,"A lab test was consulted at the clinic by its doctor, and another was not.",,,,,"Labs are supervised by certain doctors. A lab was consulted by its doctor, and others were not."
7,doctor,NQA,no,Quantifier,Every,animate,who,her,nurse,consulted at the clinic,offered,Every nurse who the doctor consulted at the clinic offered valuable insight.,"There is a certain doctor. Some nurses were consulted at the clinic by that doctor, and others were not.",There is a certain doctor.,"Some nurses were consulted at the clinic by that doctor, and others were not.",,,,,"There is a certain doctor. Some nurses were consulted with the doctor, and others were not."
7,doctor,NQI,no,Quantifier,Every,inanimate,which,its,lab test,consulted at the clinic,offered,Every lab which the doctor consulted at the clinic offered valuable insight.,"There is a certain doctor. Some lab tests were consulted at the clinic by that doctor, and others were not.",There is a certain doctor.,"Some lab tests were consulted at the clinic by that doctor, and others were not.",,,,,"There is a certain doctor. Some labs were consulted with the doctor, and others were not."
7,doctor,NDA,no,Definite,The,animate,who,her,nurse,consulted at the clinic,offered,The nurse who the doctor consulted at the clinic offered valuable insight.,"There is a certain doctor. A nurse was consulted at the clinic by that doctor, and another was not.",There is a certain doctor.,"A nurse was consulted at the clinic by that doctor, and another was not.",,,,,"There is a certain doctor. A nurse was consulted with the doctor, and others were not."
7,doctor,NDI,no,Definite,The,inanimate,which,its,lab test,consulted at the clinic,offered,The lab which the doctor consulted at the clinic offered valuable insight.,"There is a certain doctor. A lab test was consulted at the clinic by that doctor, and another was not.",There is a certain doctor.,"A lab test was consulted at the clinic by that doctor, and another was not.",,,,,"There is a certain doctor. A lab was consulted by its doctor, and others were not."
8,travelagent,YQA,yes,Quantifier,Every,animate,who,her,tour guide,endorsed in a tweet,sold,Every tour guide who her travel agent endorsed in a tweet sold out of tickets.,"Tour guides are endorsed by certain travel agents. Some tour guides were endorsed by their travel agent, others were not. ",Tour guides are endorsed by certain travel agents.,"Some tour guides were endorsed by their travel agent, others were not. ",,,,,
8,travelagent,YQI,yes,Quantifier,Every,inanimate,which,its,tour bus,endorsed in a tweet,sold,Every guided tour which its travel agent endorsed in a tweet sold out of tickets.,"Guided tours are given by certain travel agents.  Some guided tours were endorsed by their travel agent, others were not. ",Guided tours are given by certain travel agents. ,"Some guided tours were endorsed by their travel agent, others were not. ",,,,,
8,travelagent,YDA,yes,Definite,The,animate,who,her,tour guide,endorsed in a tweet,sold,The tour guide who her travel agent endorsed in a tweet sold out of tickets.,"Tour guides are endorsed by certain travel agents. A tour guide was endorsed by her travel agent, another was not. ",Tour guides are endorsed by certain travel agents.,"A tour guide was endorsed by her travel agent, another was not. ",,,,,
8,travelagent,YDI,yes,Definite,The,inanimate,which,its,tour bus,endorsed in a tweet,sold,The guided tour which its travel agent endorsed in a tweet sold out of tickets.,"Guided tours are given by certain travel agents.  A guided tour was endorsed by its travel agent, another was not. ",Guided tours are given by certain travel agents. ,"A guided tour was endorsed by its travel agent, another was not. ",,,,,
8,travelagent,NQA,no,Quantifier,Every,animate,who,her,tour guide,endorsed in a tweet,sold,Every tour guide who the travel agent endorsed in a tweet sold out of tickets.,"There is a certain travel agent. Some tour guides were endorsed by the travel agent, others were not. ",There is a certain travel agent.,"Some tour guides were endorsed by the travel agent, others were not. ",,,,,
8,travelagent,NQI,no,Quantifier,Every,inanimate,which,its,tour bus,endorsed in a tweet,sold,Every guided tour which the travel agent endorsed in a tweet sold out of tickets.,"There is a certain travel agent. Some guided tours were endorsed by the travel agent, others were not. ",There is a certain travel agent.,"Some guided tours were endorsed by the travel agent, others were not. ",,,,,
8,travelagent,NDA,no,Definite,The,animate,who,her,tour guide,endorsed in a tweet,sold,The tour guide who the travel agent endorsed in a tweet sold out of tickets.,"There is a certain travel agent. A tour guide was endorsed by the travel agent, another was not. ",There is a certain travel agent.,"A tour guide was endorsed by the travel agent, another was not. ",,,,,
8,travelagent,NDI,no,Definite,The,inanimate,which,its,tour bus,endorsed in a tweet,sold,The guided tour which the travel agent endorsed in a tweet sold out of tickets.,"There is a certain travel agent. A guided tour was endorsed by the travel agent, another was not. ",There is a certain travel agent.,"A guided tour was endorsed by the travel agent, another was not. ",,,,,
9,playwright,YQA,yes,Quantifier,Every,animate,who,her,director,addressed in the meeting,needed,Every director who her playwright addressed in the meeting needed considerable help.,"Directors work with certain playwrights. Some directors were addressed by their playwright, and others were not.",Directors work with certain playwrights.,"Some directors were addressed by their playwright, and others were not.",,,,,
9,playwright,YQI,yes,Quantifier,Every,inanimate,which,its,script,addressed in the meeting,needed,Every script which its playwright addressed in the meeting needed considerable help.,"Scripts are written by certain playwrights. Some scripts were addressed by their playwright, and others did not.",Scripts are written by certain playwrights.,"Some scripts were addressed by their playwright, and others did not.",,,,,
9,playwright,YDA,yes,Definite,The,animate,who,her,director,addressed in the meeting,needed,The director who her playwright addressed in the meeting needed considerable help.,"Directors work with certain playwrights. A director was adressed by her playwright, and others were not.",Directors work with certain playwrights.,"A director was adressed by her playwright, and others were not.",,,,,
9,playwright,YDI,yes,Definite,The,inanimate,which,its,script,addressed in the meeting,needed,The script which its playwright addressed in the meeting needed considerable help.,"Scripts are written by certain playwrights. A script was addressed by its playwright, and others were not.",Scripts are written by certain playwrights.,"A script was addressed by its playwright, and others were not.",,,,,
9,playwright,NQA,no,Quantifier,Every,animate,who,her,director,addressed in the meeting,needed,Every director who the playwright addressed in the meeting needed considerable help.,"There is a certain playwright. Some directors were addressed by the playwright, and others were not.",There is a certain playwright.,"Some directors were addressed by the playwright, and others were not.",,,,,
9,playwright,NQI,no,Quantifier,Every,inanimate,which,its,script,addressed in the meeting,needed,Every script which the playwright addressed in the meeting needed considerable help.,"There is a certain playwright. Some scripts were adressed by the playwright, and others were not.",There is a certain playwright.,"Some scripts were adressed by the playwright, and others were not.",,,,,
9,playwright,NDA,no,Definite,The,animate,who,her,director,addressed in the meeting,needed,The director who the playwright addressed in the meeting needed considerable help.,"There is a certain playwright. A director was adressed by her playwright, and others were not.",There is a certain playwright.,"A director was adressed by her playwright, and others were not.",,,,,
9,playwright,NDI,no,Definite,The,inanimate,which,its,script,addressed in the meeting,needed,The script which the playwright addressed in the meeting needed considerable help.,"There is a certain playwright. A script was adressed by its playwright, and others were not.",There is a certain playwright.,"A script was adressed by its playwright, and others were not.",,,,,
10,professor,YQA,yes,Quantifier,Every,animate,who,her,student,presented,influenced,Every student who her professor presented to the faculty influenced the dean.,"Students have certain professors. Some students were presented to the faculty by their professor, and others were not.",Students have certain professors.,"Some students were presented to the faculty by their professor, and others were not.",,,,,
10,professor,YQI,yes,Quantifier,Every,inanimate,which,its,manuscript,presented,influenced,Every manuscript which its professor presented to the faculty influenced the dean.,"Manuscripts are written by certain professors. Some manuscripts were presented to the faculty by its professor, and others were not.",Manuscripts are written by certain professors.,"Some manuscripts were presented to the faculty by its professor, and others were not.",,,,,
10,professor,YDA,yes,Definite,The,animate,who,her,student,presented,influenced,The student who her professor presented to the faculty influenced the dean.,"Students have certain professors. A student was presented to the faculty by their professor, and another was not.",Students have certain professors.,"A student was presented to the faculty by their professor, and another was not.",,,,,
10,professor,YDI,yes,Definite,The,inanimate,which,its,manuscript,presented,influenced,The manuscript which its professor presented to the faculty influenced the dean.,"Manuscripts are written certain by professors. A manuscript was presented to the faculty by its professor, and another was not.",Manuscripts are written certain by professors.,"A manuscript was presented to the faculty by its professor, and another was not.",,,,,
10,professor,NQA,no,Quantifier,Every,animate,who,her,student,presented,influenced,Every student who the professor presented to the faculty influenced the dean.,"There is a certain professor. Some students were presented to the faculty by the professor, and others were not.",There is a certain professor.,"Some students were presented to the faculty by the professor, and others were not.",,,,,
10,professor,NQI,no,Quantifier,Every,inanimate,which,its,manuscript,presented,influenced,Every manuscript which the professor presented to the faculty influenced the dean.,"There is a certain professor. Some manuscripts were presented to the faculty by the professor, and others were not.",There is a certain professor.,"Some manuscripts were presented to the faculty by the professor, and others were not.",,,,,
10,professor,NDA,no,Definite,The,animate,who,her,student,presented,influenced,The student who the professor presented to the faculty influenced the dean.,"There is a certain professor. A student was presented to the faculty by the professor, and another was not.",There is a certain professor.,"A student was presented to the faculty by the professor, and another was not.",,,,,
10,professor,NDI,no,Definite,The,inanimate,which,its,manuscript,presented,influenced,The manuscript which the professor presented to the faculty influenced the dean.,"There is a certain professor. A manuscript was presented to the faculty by the professor, and another was not.",There is a certain professor.,"A manuscript was presented to the faculty by the professor, and another was not.",,,,,
11,scientist,YQA,yes,Quantifier,Every,animate,who,her,study participant,tested in the lab,showed,Every study participant who her scientist tested in the lab showed interesting results.,"Study participants are overseen by certain scientists. Some study participants were tested in the lab by their scientist, and others were not.",Study participants are overseen by certain scientists.,"Some study participants were tested in the lab by their scientist, and others were not.",,,,,
11,scientist,YQI,yes,Quantifier,Every,inanimate,which,its,soil sample,tested in the lab,showed,Every soil sample which its scientist tested in the lab showed interesting results.,"Soil samples are inspected by certain scientists. Some soil sample were tested in the lab by their scientist, and others were not.",Soil samples are inspected by certain scientists.,"Some soil sample were tested in the lab by their scientist, and others were not.",,,,,
11,scientist,YDA,yes,Definite,The,animate,who,her,study participant,tested in the lab,showed,The study participant who her scientist tested in the lab showed interesting results.,"Study participants are overseen by certain scientists. A study participant was tested in the lab by her scientist, and another was not.",Study participants are overseen by certain scientists.,"A study participant was tested in the lab by her scientist, and another was not.",,,,,
11,scientist,YDI,yes,Definite,The,inanimate,which,its,soil sample,tested in the lab,showed,The soil sample which its scientist tested in the lab showed interesting results.,"Soil samples are inspected by certain scientists. A soil sample was tested in the lab by its scientist, and another was not.",Soil samples are inspected by certain scientists.,"A soil sample was tested in the lab by its scientist, and another was not.",,,,,
11,scientist,NQA,no,Quantifier,Every,animate,who,her,study participant,tested in the lab,showed,Every study participant who the scientist tested in the lab showed interesting results.,"There is a certain scientist. Some study participant were tested in the lab by that scientist, and others were not.",There is a certain scientist.,"Some study participant were tested in the lab by that scientist, and others were not.",,,,,
11,scientist,NQI,no,Quantifier,Every,inanimate,which,its,soil sample,tested in the lab,showed,Every soil sample which the scientist tested in the lab showed interesting results.,"There is a certain scientist. Some soil sample were tested in the lab by that scientist, and others were not.",There is a certain scientist.,"Some soil sample were tested in the lab by that scientist, and others were not.",,,,,
11,scientist,NDA,no,Definite,The,animate,who,her,study participant,tested in the lab,showed,The study participant who the scientist tested in the lab showed interesting results.,"There is a certain scientist. A study participant was tested in the lab by that scientist, and another was not.",There is a certain scientist.,"A study participant was tested in the lab by that scientist, and another was not.",,,,,
11,scientist,NDI,no,Definite,The,inanimate,which,its,soil sample,tested in the lab,showed,The soil sample which the scientist tested in the lab showed interesting results.,"There is a certain scientist. A soil sample was tested in the lab by that scientist, and another was not.",There is a certain scientist.,"A soil sample was tested in the lab by that scientist, and another was not.",,,,,
12,chef,YQA,yes,Quantifier,Every,animate,who,her,lunch lady,recommended,delighted,Every lunch lady who her chef recommended eagerly delighted the students.,"Lunch ladies are paired with chefs. Some lunch ladies were recommended by their chef, and others were not.",Lunch ladies are paired with chefs.,"Some lunch ladies were recommended by their chef, and others were not.",,,,,
12,chef,YQI,yes,Quantifier,Every,inanimate,which,its,school lunch,recommended,delighted,Every school lunch which its chef recommended eagerly delighted the students.,"School lunches are prepared by certain chefs. Some school lunches were recommended by their chef, and others were not.",School lunches are prepared by certain chefs.,"Some school lunches were recommended by their chef, and others were not.",,,,,
12,chef,YDA,yes,Definite,The,animate,who,her,lunch lady,recommended,delighted,The lunch lady who her chef recommended eagerly delighted the students.,"Lunch ladies are paired with chefs. A lunch lady was recommended by her chef, and another was not.",Lunch ladies are paired with chefs.,"A lunch lady was recommended by her chef, and another was not.",,,,,
12,chef,YDI,yes,Definite,The,inanimate,which,its,school lunch,recommended,delighted,The school lunch which its chef recommended eagerly delighted the students.,"School lunches are prepared by certain chefs. A school lunch was recommended by its chef, and another was not.",School lunches are prepared by certain chefs.,"A school lunch was recommended by its chef, and another was not.",,,,,
12,chef,NQA,no,Quantifier,Every,animate,who,her,lunch lady,recommended,delighted,Every lunch lady who the chef recommended eagerly delighted the students.,"There is a certain chef. Some lunch ladies were recommended by that chef, and others were not.",There is a certain chef.,"Some lunch ladies were recommended by that chef, and others were not.",,,,,
12,chef,NQI,no,Quantifier,Every,inanimate,which,its,school lunch,recommended,delighted,Every school lunch which the chef recommended eagerly delighted the students.,"There is a certain chef. Some school lunches were recommended by that chef, and others were not.",There is a certain chef.,"Some school lunches were recommended by that chef, and others were not.",,,,,
12,chef,NDA,no,Definite,The,animate,who,her,lunch lady,recommended,delighted,The lunch lady who the chef recommended eagerly delighted the students.,"There is a certain chef. A lunch lady was recommended by that chef, and another was not.",There is a certain chef.,"A lunch lady was recommended by that chef, and another was not.",,,,,
12,chef,NDI,no,Definite,The,inanimate,which,its,school lunch,recommended,delighted,The school lunch which the chef recommended eagerly delighted the students.,"There is a certain chef. A school lunch was recommended by that chef, and another was not.",There is a certain chef.,"A school lunch was recommended by that chef, and another was not.",,,,,
13,priest,YQA,yes,Quantifier,Every,animate,who,her,nun,promoted,was an inspiration,Every nun who her priest promoted was an inspiration to many people.,Nuns are paired with certain priests. Some nuns were promoted by their priest and others were not.,Nuns are paired with certain priests.,Some nuns were promoted by their priest and others were not.,,,,,
13,priest,YQI,yes,Quantifier,Every,inanimate,which,its,sermon,promoted,was an inspiration,Every sermon which its priest promoted was an inspiration to many people.,"Semons are delivered by certain priests. Some sermons were promoted by their priest, and others were not.",Semons are delivered by certain priests.,"Some sermons were promoted by their priest, and others were not.",,,,,
13,priest,YDA,yes,Definite,The,animate,who,her,nun,promoted,was an inspiration,The nun who her priest promoted was an inspiration to many people.,"Nuns are paired with certain priests. A nun was promoted by her priest, and another was not.",Nuns are paired with certain priests.,"A nun was promoted by her priest, and another was not.",,,,,
13,priest,YDI,yes,Definite,The,inanimate,which,its,sermon,promoted,was an inspiration,The sermon which its priest promoted was an inspiration to many people.,"Semons are delivered by certain priests. A sermon was promoted by its priest, and another was not.",Semons are delivered by certain priests.,"A sermon was promoted by its priest, and another was not.",,,,,
13,priest,NQA,no,Quantifier,Every,animate,who,her,nun,promoted,was an inspiration,Every nun who the priest promoted was an inspiration to many people.,There is a certain priest. Some nuns were promoted by that priest and others were not.,There is a certain priest.,Some nuns were promoted by that priest and others were not.,,,,,
13,priest,NQI,no,Quantifier,Every,inanimate,which,its,sermon,promoted,was an inspiration,Every sermon which the priest promoted was an inspiration to many people.,"There is a certain priest. Some sermons were promoted by that priest, and others were not.",There is a certain priest.,"Some sermons were promoted by that priest, and others were not.",,,,,
13,priest,NDA,no,Definite,The,animate,who,her,nun,promoted,was an inspiration,The nun who the priest promoted was an inspiration to many people.,"There is a certain priest. A nun was promoted by that priest, and another was not.",There is a certain priest.,"A nun was promoted by that priest, and another was not.",,,,,
13,priest,NDI,no,Definite,The,inanimate,which,its,sermon,promoted,was an inspiration,The sermon which the priest promoted was an inspiration to many people.,"There is a certain priest. A sermon was promoted by that priest, and another was not.",There is a certain priest.,"A sermon was promoted by that priest, and another was not.",,,,,
14,bartender,YQA,yes,Quantifier,Every,animate,who,her,waitress,praised on Friday,impressed,Every waitress who her bartender praised on Friday impressed the diners.,"Waitresses work with certain bartenders. Some waitresses were praised by their bartender on Friday, and others were not.",Waitresses work with certain bartenders.,"Some waitresses were praised by their bartender on Friday, and others were not.",,,,,
14,bartender,YQI,yes,Quantifier,Every,inanimate,which,its,cocktail,praised on Friday,impressed,Every cocktail which its bartender praised on Friday impressed the diners.,"Cocktails are made by certain bartenders. Some cocktails were praised by their bartender on Friday, and others were not.",Cocktails are made by certain bartenders.,"Some cocktails were praised by their bartender on Friday, and others were not.",,,,,
14,bartender,YDA,yes,Definite,The,animate,who,her,waitress,praised on Friday,impressed,The waitress who her bartender praised on Friday impressed the diners.,"Waitresses work with certain bartenders. A waitress was praised by her bartender on Friday, and another was not.",Waitresses work with certain bartenders.,"A waitress was praised by her bartender on Friday, and another was not.",,,,,
14,bartender,YDI,yes,Definite,The,inanimate,which,its,cocktail,praised on Friday,impressed,The cocktail which its bartender praised on Friday impressed the diners.,"Cocktails are made by certain bartenders. A cocktail was praised by its bartender on Friday, and another was not.",Cocktails are made by certain bartenders.,"A cocktail was praised by its bartender on Friday, and another was not.",,,,,
14,bartender,NQA,no,Quantifier,Every,animate,who,her,waitress,praised on Friday,impressed,Every waitress who the bartender praised on Friday impressed the diners.,"There is a certain bartender. Some waitresses were praised by that bartender on Friday, and others were not.",There is a certain bartender.,"Some waitresses were praised by that bartender on Friday, and others were not.",,,,,
14,bartender,NQI,no,Quantifier,Every,inanimate,which,its,cocktail,praised on Friday,impressed,Every cocktail which the bartender praised on Friday impressed the diners.,"There is a certain bartender. Some cocktails were praised by that bartender on Friday, and others were not.",There is a certain bartender.,"Some cocktails were praised by that bartender on Friday, and others were not.",,,,,
14,bartender,NDA,no,Definite,The,animate,who,her,waitress,praised on Friday,impressed,The waitress who the bartender praised on Friday impressed the diners.,"There is a certain bartender. A waitress was praised by that bartender on Friday, and another was not.",There is a certain bartender.,"A waitress was praised by that bartender on Friday, and another was not.",,,,,
14,bartender,NDI,no,Definite,The,inanimate,which,its,cocktail,praised on Friday,impressed,The cocktail which the bartender praised on Friday impressed the diners.,"There is a certain bartender. A cocktail was praised by that bartender on Friday, and another was not.",There is a certain bartender.,"A cocktail was praised by that bartender on Friday, and another was not.",,,,,
15,patient,YQA,yes,Quantifier,Every,animate,who,her,midwife,requested,was helpful,Every midwife who her patient requested was helpful in alleviating some pain.,"Midwives are paired with certain patients. Some midwives were requested by their patient, and others were not.",Midwives are paired with certain patients.,"Some midwives were requested by their patient, and others were not.",,,,,
15,patient,YQI,yes,Quantifier,Every,inanimate,which,its,treatment,requested,was helpful,Every treatment which its patient requested was helpful in alleviating some pain.,"Treatments are given to certain patients. Some treatments were requested by their patient, and others were not.",Treatments are given to certain patients.,"Some treatments were requested by their patient, and others were not.",,,,,
15,patient,YDA,yes,Definite,The,animate,who,her,midwife,requested,was helpful,The midwife who her patient requested was helpful in alleviating some pain.,"Midwives are paired with certain patients. A midwife was requested by her patient, and another was not.",Midwives are paired with certain patients.,"A midwife was requested by her patient, and another was not.",,,,,
15,patient,YDI,yes,Definite,The,inanimate,which,its,treatment,requested,was helpful,The treatment which its patient requested was helpful in alleviating some pain.,"Treatments are given to certain patients. A treatment was requested by its patient, and another was not.",Treatments are given to certain patients.,"A treatment was requested by its patient, and another was not.",,,,,
15,patient,NQA,no,Quantifier,Every,animate,who,her,midwife,requested,was helpful,Every midwife who the patient requested was helpful in alleviating some pain.,"There is a certain patient. Some midwives were requested by that patient, and others were not.",There is a certain patient.,"Some midwives were requested by that patient, and others were not.",,,,,
15,patient,NQI,no,Quantifier,Every,inanimate,which,its,treatment,requested,was helpful,Every treatment which the patient requested was helpful in alleviating some pain.,"There is a certain patient. Some treatments were requested by that patient, and others were not.",There is a certain patient.,"Some treatments were requested by that patient, and others were not.",,,,,
15,patient,NDA,no,Definite,The,animate,who,her,midwife,requested,was helpful,The midwife who the patient requested was helpful in alleviating some pain.,"There is a certain patient. A midwife was requested by that patient, and another was not.",There is a certain patient.,"A midwife was requested by that patient, and another was not.",,,,,
15,patient,NDI,no,Definite,The,inanimate,which,its,treatment,requested,was helpful,The treatment which the patient requested was helpful in alleviating some pain.,"There is a certain patient. A treatment was requested by that patient, and another was not.",There is a certain patient.,"A treatment was requested by that patient, and another was not.",,,,,
16,groom,YQA,yes,Quantifier,Every,animate,who,her,bride,brought to the altar,wowed,Every bride who her groom brought to the altar wowed the audience.,"Brides will be married to certain grooms. Some brides were brought to the altar by their groom, and others were not.",Brides will be married to certain grooms.,"Some brides were brought to the altar by their groom, and others were not.",,,,,
16,groom,YQI,yes,Quantifier,Every,inanimate,which,its,vow,brought to the altar,wowed,Every vow which its groom brought to the altar wowed the audience.,"Vows are given by certain grooms. Some vows were brought to the altar by their groom, and others were not.",Vows are given by certain grooms.,"Some vows were brought to the altar by their groom, and others were not.",,,,,
16,groom,YDA,yes,Definite,The,animate,who,her,bride,brought to the altar,wowed,The bride who her groom brought to the altar wowed the audience.,"Brides will be married to certain grooms. A bride was brought to the altar by her groom, and another was not.",Brides will be married to certain grooms.,"A bride was brought to the altar by her groom, and another was not.",,,,,
16,groom,YDI,yes,Definite,The,inanimate,which,its,vow,brought to the altar,wowed,The vow which its groom brought to the altar wowed the audience.,"Vows are given by certain grooms. A vow was brought to the altar by its groom, and another was not.",Vows are given by certain grooms.,"A vow was brought to the altar by its groom, and another was not.",,,,,
16,groom,NQA,no,Quantifier,Every,animate,who,her,bride,brought to the altar,wowed,Every bride who the groom brought to the altar wowed the audience.,"There is a certain groom. Some brides were brought to the altar by that groom, and others were not.",There is a certain groom.,"Some brides were brought to the altar by that groom, and others were not.",,,,,
16,groom,NQI,no,Quantifier,Every,inanimate,which,its,vow,brought to the altar,wowed,Every vow which the groom brought to the altar wowed the audience.,"There is a certain groom. Some vows were brought to the altar by that groom, and others were not.",There is a certain groom.,"Some vows were brought to the altar by that groom, and others were not.",,,,,
16,groom,NDA,no,Definite,The,animate,who,her,bride,brought to the altar,wowed,The bride who the groom brought to the altar wowed the audience.,"There is a certain groom. A bride was brought to the altar by that groom, and another was not.",There is a certain groom.,"A bride was brought to the altar by that groom, and another was not.",,,,,
16,groom,NDI,no,Definite,The,inanimate,which,its,vow,brought to the altar,wowed,The vow which the groom brought to the altar wowed the audience.,"There is a certain groom. A vow was brought to the altar by that groom, and another was not.",There is a certain groom.,"A vow was brought to the altar by that groom, and another was not.",,,,,
17,troopleader,YQA,yes,Quantifier,Every,animate,who,her,girl scout,introduced to the parents,became,Every girl scout who her troop leader introduced to the parents became widely popular.,"Girls scouts are paired with certain troop leaders. Some girl scouts were introduced to the parents by their troop leader, and others were not.",Girls scouts are paired with certain troop leaders.,"Some girl scouts were introduced to the parents by their troop leader, and others were not.",,,,,
17,troopleader,YQI,yes,Quantifier,Every,inanimate,which,its,camping trip,introduced to the parents,became,Every camping trip which its troop leader introduced to the parents became widely popular.,"Camping trips are overseen by certain troop leaders. Some camping trips were introduced to the parents by their troop leader, and others were not.",Camping trips are overseen by certain troop leaders.,"Some camping trips were introduced to the parents by their troop leader, and others were not.",,,,,
17,troopleader,YDA,yes,Definite,The,animate,who,her,girl scout,introduced to the parents,became,The girl scout who her troop leader introduced to the parents became widely popular.,"Girls scouts are paired with certain troop leaders. A girl scout was introduced to the parents by her troop leader, and another was not.",Girls scouts are paired with certain troop leaders.,"A girl scout was introduced to the parents by her troop leader, and another was not.",,,,,
17,troopleader,YDI,yes,Definite,The,inanimate,which,its,camping trip,introduced to the parents,became,The camping trip which its troop leader introduced to the parents became widely popular.,"Camping trips are overseen by certain troop leaders. A camping trip was introduced to the parents by its troop leader, and another was not.",Camping trips are overseen by certain troop leaders.,"A camping trip was introduced to the parents by its troop leader, and another was not.",,,,,
17,troopleader,NQA,no,Quantifier,Every,animate,who,her,girl scout,introduced to the parents,became,Every girl scout who the troop leader introduced to the parents became widely popular.,"There is a certain troop leader. Some girl scouts were introduced to the parents by that troop leader, and others were not.",There is a certain troop leader.,"Some girl scouts were introduced to the parents by that troop leader, and others were not.",,,,,
17,troopleader,NQI,no,Quantifier,Every,inanimate,which,its,camping trip,introduced to the parents,became,Every camping trip which the troop leader introduced to the parents became widely popular.,"There is a certain troop leader. Some camping trips were introduced to the parents by that troop leader, and others were not.",There is a certain troop leader.,"Some camping trips were introduced to the parents by that troop leader, and others were not.",,,,,
17,troopleader,NDA,no,Definite,The,animate,who,her,girl scout,introduced to the parents,became,The girl scout who the troop leader introduced to the parents became widely popular.,"There is a certain troop leader. A girl scout was introduced to the parents by that troop leader, and another was not.",There is a certain troop leader.,"A girl scout was introduced to the parents by that troop leader, and another was not.",,,,,
17,troopleader,NDI,no,Definite,The,inanimate,which,its,camping trip,introduced to the parents,became,The camping trip which the troop leader introduced to the parents became widely popular.,"There is a certain troop leader. A camping trip was introduced to the parents by that troop leader, and another was not.",There is a certain troop leader.,"A camping trip was introduced to the parents by that troop leader, and another was not.",,,,,
18,CEO,YQA,yes,Quantifier,Every,animate,who,her,secretary,remembered,impressed,Every secretary who her CEO remembered well impressed the board of trustees.,"Secretaries serve certain CEOs. Some secretaries were remembered by their CEO, and others were not.",Secretaries serve certain CEOs.,"Some secretaries were remembered by their CEO, and others were not.",,,,,
18,CEO,YQI,yes,Quantifier,Every,inanimate,which,its,contract,remembered,impressed,Every contract which its CEO remembered well impressed the board of trustees.,"Contracts are written by certain CEOs. Some contracts were remembered by their CEO, and others were not.",Contracts are written by certain CEOs.,"Some contracts were remembered by their CEO, and others were not.",,,,,
18,CEO,YDA,yes,Definite,The,animate,who,her,secretary,remembered,impressed,The secretary who her CEO remembered well impressed the board of trustees.,"Secretaries serve certain CEOs. A secretary was remembered by her CEO, and another was not.",Secretaries serve certain CEOs.,"A secretary was remembered by her CEO, and another was not.",,,,,
18,CEO,YDI,yes,Definite,The,inanimate,which,its,contract,remembered,impressed,The contract which its CEO remembered well impressed the board of trustees.,"Contracts are written by certain CEOs. A contract was remembered by its CEO, and another was not.",Contracts are written by certain CEOs.,"A contract was remembered by its CEO, and another was not.",,,,,
18,CEO,NQA,no,Quantifier,Every,animate,who,her,secretary,remembered,impressed,Every secretary who the CEO remembered well impressed the board of trustees.,"There is a certain CEO. Some secretaries were remembered by that CEO, and others were not.",There is a certain CEO.,"Some secretaries were remembered by that CEO, and others were not.",,,,,
18,CEO,NQI,no,Quantifier,Every,inanimate,which,its,contract,remembered,impressed,Every contract which the CEO remembered well impressed the board of trustees.,"There is a certain CEO. Some contracts were remembered by that CEO, and others were not.",There is a certain CEO.,"Some contracts were remembered by that CEO, and others were not.",,,,,
18,CEO,NDA,no,Definite,The,animate,who,her,secretary,remembered,impressed,The secretary who the CEO remembered well impressed the board of trustees.,"There is a certain CEO. A secretary was remembered by that CEO, and another was not.",There is a certain CEO.,"A secretary was remembered by that CEO, and another was not.",,,,,
18,CEO,NDI,no,Definite,The,inanimate,which,its,contract,remembered,impressed,The contract which the CEO remembered well impressed the board of trustees.,"There is a certain CEO. A contract was remembered by that CEO, and another was not.",There is a certain CEO.,"A contract was remembered by that CEO, and another was not.",,,,,
19,dentist,YQA,yes,Quantifier,Every,animate,who,her,assistant,selected,stressed,Every assistant who her dentist selected to help with the procedure stressed out the patient.,"Assistants serve certain dentists. Some assistants were selected by their dentist, and others were not.",Assistants serve certain dentists.,"Some assistants were selected by their dentist, and others were not.",,,,,
19,dentist,YQI,yes,Quantifier,Every,inanimate,which,its,tool,selected,stressed,Every tool which its dentist selected to help with the procedure stressed out the patient.,"Tools are used by certain dentists. Some tools were selected by their dentist, and others were not.",Tools are used by certain dentists.,"Some tools were selected by their dentist, and others were not.",,,,,
19,dentist,YDA,yes,Definite,The,animate,who,her,assistant,selected,stressed,The assistant who her dentist selected to help with the procedure stressed out the patient.,"Assistants serve certain dentists. An assistant was selected by her dentist, and another was not.",Assistants serve certain dentists.,"An assistant was selected by her dentist, and another was not.",,,,,
19,dentist,YDI,yes,Definite,The,inanimate,which,its,tool,selected,stressed,The tool which its dentist selected to help with the procedure stressed out the patient.,"Tools are used by certain dentists. A tool was selected by its dentist, and another was not.",Tools are used by certain dentists.,"A tool was selected by its dentist, and another was not.",,,,,
19,dentist,NQA,no,Quantifier,Every,animate,who,her,assistant,selected,stressed,Every assistant who the dentist selected to help with the procedure stressed out the patient.,"There is a certain dentist. Some assistants were selected by that dentist, and others were not.",There is a certain dentist.,"Some assistants were selected by that dentist, and others were not.",,,,,
19,dentist,NQI,no,Quantifier,Every,inanimate,which,its,tool,selected,stressed,Every tool which the dentist selected to help with the procedure stressed out the patient.,"There is a certain dentist. Some tools were selected by that dentist, and others were not.",There is a certain dentist.,"Some tools were selected by that dentist, and others were not.",,,,,
19,dentist,NDA,no,Definite,The,animate,who,her,assistant,selected,stressed,The assistant who the dentist selected to help with the procedure stressed out the patient.,"There is a certain dentist. An assistant was selected by that dentist, and another was not.",There is a certain dentist.,"An assistant was selected by that dentist, and another was not.",,,,,
19,dentist,NDI,no,Definite,The,inanimate,which,its,tool,selected,stressed,The tool which the dentist selected to help with the procedure stressed out the patient.,"There is a certain dentist. A tool was selected by that dentist, and another was not.",There is a certain dentist.,"A tool was selected by that dentist, and another was not.",,,,,
20,nutritionist,YQA,yes,Quantifier,Every,animate,who,her,influencer,denounced in a blogpost,gained,Every influencer who her nutritionist denounced in a blogpost gained a cult-like following.,"Influencers are paired with certain nutritionists. Some influencers were denounced in a blogpost by their nutritionist, and others were not.",Influencers are paired with certain nutritionists.,"Some influencers were denounced in a blogpost by their nutritionist, and others were not.",,,,,
20,nutritionist,YQI,yes,Quantifier,Every,inanimate,which,its,mealkit,denounced in a blogpost,gained,Every mealkit which its nutritionist denounced in a blogpost gained a cult-like following.,"Mealkits are paired with certain nutritionists. Some mealkits were denounced in a blogpost by their nutritionist, and others were not.",Mealkits are paired with certain nutritionists.,"Some mealkits were denounced in a blogpost by their nutritionist, and others were not.",,,,,
20,nutritionist,YDA,yes,Definite,The,animate,who,her,influencer,denounced in a blogpost,gained,The influencer who her nutritionist denounced in a blogpost gained a cult-like following.,"Influencers are paired with certain nutritionists. A influencer was denounced in a blogpost by her nutritionist, and another was not.",Influencers are paired with certain nutritionists.,"A influencer was denounced in a blogpost by her nutritionist, and another was not.",,,,,
20,nutritionist,YDI,yes,Definite,The,inanimate,which,its,mealkit,denounced in a blogpost,gained,The mealkit which its nutritionist denounced in a blogpost gained a cult-like following.,"Mealkits are paired with certain nutritionists. A mealkit was denounced in a blogpost by its nutritionist, and another was not.",Mealkits are paired with certain nutritionists.,"A mealkit was denounced in a blogpost by its nutritionist, and another was not.",,,,,
20,nutritionist,NQA,no,Quantifier,Every,animate,who,her,influencer,denounced in a blogpost,gained,Every influencer who the nutritionist denounced in a blogpost gained a cult-like following.,"There is a certain nutritionist. Some influencers were denounced in a blogpost by that nutritionist, and others were not.",There is a certain nutritionist.,"Some influencers were denounced in a blogpost by that nutritionist, and others were not.",,,,,
20,nutritionist,NQI,no,Quantifier,Every,inanimate,which,its,mealkit,denounced in a blogpost,gained,Every mealkit which the nutritionist denounced in a blogpost gained a cult-like following.,"There is a certain nutritionist. Some mealkits were denounced in a blogpost by that nutritionist, and others were not.",There is a certain nutritionist.,"Some mealkits were denounced in a blogpost by that nutritionist, and others were not.",,,,,
20,nutritionist,NDA,no,Definite,The,animate,who,her,influencer,denounced in a blogpost,gained,The influencer who the nutritionist denounced in a blogpost gained a cult-like following.,"There is a certain nutritionist. A influencer was denounced in a blogpost by that nutritionist, and another was not.",There is a certain nutritionist.,"A influencer was denounced in a blogpost by that nutritionist, and another was not.",,,,,
20,nutritionist,NDI,no,Definite,The,inanimate,which,its,mealkit,denounced in a blogpost,gained,The mealkit which the nutritionist denounced in a blogpost gained a cult-like following.,"There is a certain nutritionist. A mealkit was denounced in a blogpost by that nutritionist, and another was not.",There is a certain nutritionist.,"A mealkit was denounced in a blogpost by that nutritionist, and another was not.",,,,,
21,choreographer,YQA,yes,Quantifier,Every,animate,who,her,ballerina,discussed at the party,never had,Every ballerina who her choreographer discussed at the party never had a debut.,"Ballerinas are helped by certain choreographers. Some ballerinas were discussed at the party by their choreographer, and others were not.",Ballerinas are helped by certain choreographers.,"Some ballerinas were discussed at the party by their choreographer, and others were not.",,,,,
21,choreographer,YQI,yes,Quantifier,Every,inanimate,which,its,ballet,discussed at the party,never had,Every ballet which its choreographer discussed at the party never had a debut.,"Ballets are studied by certain choreographers. Some ballets were discussed at the party by their choreographer, and others were not.",Ballets are studied by certain choreographers.,"Some ballets were discussed at the party by their choreographer, and others were not.",,,,,
21,choreographer,YDA,yes,Definite,The,animate,who,her,ballerina,discussed at the party,never had,The ballerina who her choreographer discussed at the party never had a debut.,"Ballerinas are helped by certain choreographers. A ballerina was discussed at the party by her choreographer, and another was not.",Ballerinas are helped by certain choreographers.,"A ballerina was discussed at the party by her choreographer, and another was not.",,,,,
21,choreographer,YDI,yes,Definite,The,inanimate,which,its,ballet,discussed at the party,never had,The ballet which its choreographer discussed at the party never had a debut.,"Ballets are studied by certain choreographers. A ballet was discussed at the party by its choreographer, and another was not.",Ballets are studied by certain choreographers.,"A ballet was discussed at the party by its choreographer, and another was not.",,,,,
21,choreographer,NQA,no,Quantifier,Every,animate,who,her,ballerina,discussed at the party,never had,Every ballerina who the choreographer discussed at the party never had a debut.,"There is a certain choreographer. Some ballerinas were discussed at the party by that choreographer, and others were not.",There is a certain choreographer.,"Some ballerinas were discussed at the party by that choreographer, and others were not.",,,,,
21,choreographer,NQI,no,Quantifier,Every,inanimate,which,its,ballet,discussed at the party,never had,Every ballet which the choreographer discussed at the party never had a debut.,"There is a certain choreographer. Some ballets were discussed at the party by that choreographer, and others were not.",There is a certain choreographer.,"Some ballets were discussed at the party by that choreographer, and others were not.",,,,,
21,choreographer,NDA,no,Definite,The,animate,who,her,ballerina,discussed at the party,never had,The ballerina who the choreographer discussed at the party never had a debut.,"There is a certain choreographer. A ballerina was discussed at the party by that choreographer, and another was not.",There is a certain choreographer.,"A ballerina was discussed at the party by that choreographer, and another was not.",,,,,
21,choreographer,NDI,no,Definite,The,inanimate,which,its,ballet,discussed at the party,never had,The ballet which the choreographer discussed at the party never had a debut.,"There is a certain choreographer. A ballet was discussed at the party by that choreographer, and another was not.",There is a certain choreographer.,"A ballet was discussed at the party by that choreographer, and another was not.",,,,,
22,stylist,YQA,yes,Quantifier,Every,animate,who,her,hair dresser,complimented enthusiastically,provided,Every hair dresser who her stylist complimented enthusiastically provided top of the line coloring services.,"Hair dressers are paired with certain stylists. Some hair dressers were complimented enthusiastically by their stylist, and others were not.",Hair dressers are paired with certain stylists.,"Some hair dressers were complimented enthusiastically by their stylist, and others were not.",,,,,
22,stylist,YQI,yes,Quantifier,Every,inanimate,which,its,hair salon,complimented enthusiastically,provided,Every hair salon which its stylist complimented enthusiastically provided top of the line coloring services.,"Hair salons are owned by certain stylists. Some hair salons were complimented enthusiastically by their stylist, and others were not.",Hair salons are owned by certain stylists.,"Some hair salons were complimented enthusiastically by their stylist, and others were not.",,,,,
22,stylist,YDA,yes,Definite,The,animate,who,her,hair dresser,complimented enthusiastically,provided,The hair dresser who her stylist complimented enthusiastically provided top of the line coloring services.,"Hair dressers are paired with certain stylists. A hair dresser was complimented enthusiastically by her stylist, and another was not.",Hair dressers are paired with certain stylists.,"A hair dresser was complimented enthusiastically by her stylist, and another was not.",,,,,
22,stylist,YDI,yes,Definite,The,inanimate,which,its,hair salon,complimented enthusiastically,provided,The hair salon which its stylist complimented enthusiastically provided top of the line coloring services.,"Hair salons are owned by certain stylists. A hair salon was complimented enthusiastically by its stylist, and another was not.",Hair salons are owned by certain stylists.,"A hair salon was complimented enthusiastically by its stylist, and another was not.",,,,,
22,stylist,NQA,no,Quantifier,Every,animate,who,her,hair dresser,complimented enthusiastically,provided,Every hair dresser who the stylist complimented enthusiastically provided top of the line coloring services.,"There is a certain stylist. Some hair dressers were complimented enthusiastically by that stylist, and others were not.",There is a certain stylist.,"Some hair dressers were complimented enthusiastically by that stylist, and others were not.",,,,,
22,stylist,NQI,no,Quantifier,Every,inanimate,which,its,hair salon,complimented enthusiastically,provided,Every hair salon which the stylist complimented enthusiastically provided top of the line coloring services.,"There is a certain stylist. Some hair salons were complimented enthusiastically by that stylist, and others were not.",There is a certain stylist.,"Some hair salons were complimented enthusiastically by that stylist, and others were not.",,,,,
22,stylist,NDA,no,Definite,The,animate,who,her,hair dresser,complimented enthusiastically,provided,The hair dresser who the stylist complimented enthusiastically provided top of the line coloring services.,"There is a certain stylist. A hair dresser was complimented enthusiastically by that stylist, and another was not.",There is a certain stylist.,"A hair dresser was complimented enthusiastically by that stylist, and another was not.",,,,,
22,stylist,NDI,no,Definite,The,inanimate,which,its,hair salon,complimented enthusiastically,provided,The hair salon which the stylist complimented enthusiastically provided top of the line coloring services.,"There is a certain stylist. A hair salon was complimented enthusiastically by that stylist, and another was not.",There is a certain stylist.,"A hair salon was complimented enthusiastically by that stylist, and another was not.",,,,,
23,fan,YQA,yes,Quantifier,Every,animate,who,her,actress,lauded on Twitter,was nominated ,Every actress who her #1 fan lauded on twitter was nominated for an award.,"Actresses have certain #1 fans. Some actresses were lauded on Twitter by their fan, and others were not.",Actresses have certain #1 fans.,"Some actresses were lauded on Twitter by their fan, and others were not.",,,,,
23,fan,YQI,yes,Quantifier,Every,inanimate,which,its,performance,lauded on Twitter,was nominated ,Every performance which its #1 fan lauded on twitter was nominated for an award.,"Performances have certain #1 fans. Some performances were lauded on Twitter by their fan, and others were not.",Performances have certain #1 fans.,"Some performances were lauded on Twitter by their fan, and others were not.",,,,,
23,fan,YDA,yes,Definite,The,animate,who,her,actress,lauded on Twitter,was nominated ,The actress who her #1 fan lauded on twitter was nominated for an award.,"Actresses have certain #1 fans. A actress was lauded on Twitter by her fan, and another was not.",Actresses have certain #1 fans.,"A actress was lauded on Twitter by her fan, and another was not.",,,,,
23,fan,YDI,yes,Definite,The,inanimate,which,its,performance,lauded on Twitter,was nominated ,The performance which its #1 fan lauded on twitter was nominated for an award.,"Performances have certain #1 fans. A performance was lauded on Twitter by its fan, and another was not.",Performances have certain #1 fans.,"A performance was lauded on Twitter by its fan, and another was not.",,,,,
23,fan,NQA,no,Quantifier,Every,animate,who,her,actress,lauded on Twitter,was nominated ,Every actress who the #1 fan lauded on twitter was nominated for an award.,"There is a certain #1 fan. Some actresses were lauded on Twitter by that fan, and others were not.",There is a certain #1 fan.,"Some actresses were lauded on Twitter by that fan, and others were not.",,,,,
23,fan,NQI,no,Quantifier,Every,inanimate,which,its,performance,lauded on Twitter,was nominated ,Every performance which the #1 fan lauded on twitter was nominated for an award.,"There is a certain #1 fan. Some performances were lauded on Twitter by that fan, and others were not.",There is a certain #1 fan.,"Some performances were lauded on Twitter by that fan, and others were not.",,,,,
23,fan,NDA,no,Definite,The,animate,who,her,actress,lauded on Twitter,was nominated ,The actress who the #1 fan lauded on twitter was nominated for an award.,"There is a certain #1 fan. A actress was lauded on Twitter by that fan, and another was not.",There is a certain #1 fan.,"A actress was lauded on Twitter by that fan, and another was not.",,,,,
23,fan,NDI,no,Definite,The,inanimate,which,its,performance,lauded on Twitter,was nominated ,The performance which the #1 fan lauded on twitter was nominated for an award.,"There is a certain #1 fan. A performance was lauded on Twitter by that fan, and another was not.",There is a certain #1 fan.,"A performance was lauded on Twitter by that fan, and another was not.",,,,,
24,coach,YQA,yes,Quantifier,Every,animate,who,her,gymnast,criticized,failed to qualify,Every gymnast who her coach criticized failed to qualify for nationals.,"Gymnasts are instructed by certain coaches. Some gymnasts were criticized by their coach, and others were not.",Gymnasts are instructed by certain coaches.,"Some gymnasts were criticized by their coach, and others were not.",,,,,
24,coach,YQI,yes,Quantifier,Every,inanimate,which,its,routine,criticized,failed to qualify,Every routine which its coach criticized failed to qualify for nationals.,"Routines are overseen by certain coaches. Some routines were criticized by their coach, and others were not.",Routines are overseen by certain coaches.,"Some routines were criticized by their coach, and others were not.",,,,,
24,coach,YDA,yes,Definite,The,animate,who,her,gymnast,criticized,failed to qualify,The gymnast who her coach criticized failed to qualify for nationals.,"Gymnasts are instructed by certain coaches. A gymnast was criticized by her coach, and another was not.",Gymnasts are instructed by certain coaches.,"A gymnast was criticized by her coach, and another was not.",,,,,
24,coach,YDI,yes,Definite,The,inanimate,which,its,routine,criticized,failed to qualify,The routine which its coach criticized failed to qualify for nationals.,"Routines are overseen by certain coaches. A routine was criticized by its coach, and another was not.",Routines are overseen by certain coaches.,"A routine was criticized by its coach, and another was not.",,,,,
24,coach,NQA,no,Quantifier,Every,animate,who,her,gymnast,criticized,failed to qualify,Every gymnast who the coach criticized failed to qualify for nationals.,"There is a certain coach. Some gymnasts were criticized by that coach, and others were not.",There is a certain coach.,"Some gymnasts were criticized by that coach, and others were not.",,,,,
24,coach,NQI,no,Quantifier,Every,inanimate,which,its,routine,criticized,failed to qualify,Every routine which the coach criticized failed to qualify for nationals.,"There is a certain coach. Some routines were criticized by that coach, and others were not.",There is a certain coach.,"Some routines were criticized by that coach, and others were not.",,,,,
24,coach,NDA,no,Definite,The,animate,who,her,gymnast,criticized,failed to qualify,The gymnast who the coach criticized failed to qualify for nationals.,"There is a certain coach. A gymnast was criticized by that coach, and another was not.",There is a certain coach.,"A gymnast was criticized by that coach, and another was not.",,,,,
24,coach,NDI,no,Definite,The,inanimate,which,its,routine,criticized,failed to qualify,The routine which the coach criticized failed to qualify for nationals.,"There is a certain coach. A routine was criticized by that coach, and another was not.",There is a certain coach.,"A routine was criticized by that coach, and another was not.",,,,,
25,filler1,filler,no,Definite,The,animate,who,GOOD,chairman,admired,was hired,The presenter who the chairman admired was hired on the spot.,"There is a certain chairman. Some presenters were admired by that chairman, and others were not. ",,,,,,,
26,filler2,filler,no,Quantifier,Every,animate,who,GOOD,manicurist,met,wanted,Every woman who the manicurist met at the salon wanted red nails.,"There is a certain manicurist. Some women were met by that manicurist, and others were not",,,,,,,
27,filler3,filler,no,Quantifier,Every,inanimate,which,GOOD,student,attended,started,Every lecture that the student attended on Monday started five minutes early.,"There is a certain student. Some lecturess were atteneded by that student, and others were not",,,,,,,
28,filler4,filler,no,Quantifier,Every,animate,who,BAD,artist,spoke with,had,Every calligrapher the who artist spoke with had beautiful handwriting.,"There is a certain artist. Some calligraphers were spoken with by that artist, and others were not",,,,,,,
29,filler5,filler,no,Definite,The,inanimate,which,BAD,roadie,disliked,played,This is the band that the roadie disliked played a soldout show.,"There is a certain roadie. A band was disliked by that roadie, and another was not",,,,,,,
30,filler6,filler,no,Definite,The,inanimate,which,BAD,barista,ground,disliked,The coffee which the barista ground too fine disliked customer.,"There is a certain barista. Some coffee was ground by that barista, and some was not",,,,,,,
0,practice,a,no,Quantifier,Every,animate,who,GOOD,bus driver,affected,chose,Every bus driver who was affected by the flooding chose a different route.,"Bus drivers have certain routes. Some bus drivers were affected by the flooding, and others were not.",,,,,,,
0,practice,a,no,Definite,The,animate,who,GOOD,motivational speaker,was selected,attended,The motivational speaker who was selected by the committee attended the awards ceremony.,"There is a certain committee. A motivational speaker was selected by that committee, and another was not. ",,,,,,,
,,,,,,,,,,,,,,,,,,,,
,,,,,,,,,,,,,,,,,,,,
6 ATTENTION CHECKS,,,,,,,,,,,,,,,,,,,,
24 ITEMS,,,,,,,,,,,,,,,,,,,,
Each participant experiences 30 sentences,,,,,,,,,,,,,,,,,,,,